filename,evaluation_date,total_evaluation_time,read_image_time,m1_time,m1_0,m2_time,m2_0,m3_time,m3_0,m4_time,m4_0,m5_time,m5_0,m6_time,m6_0,m8_time,m8_0
104.com.tw.png,2021-10-03,29.6296,0.0042,0.0,525630,0.0496,125913,0.0634,4609,0.0369,0.0488,0.0447,0.5357,9.6103,0.7403,19.8172,5.7722
1337x.to.png,2021-10-04,29.4394,0.0076,0.0,616238,0.0557,96675,0.044,2259,0.0383,0.0196,0.0423,0.7225,9.4682,0.5104,19.7803,2.5154
163.com.png,2021-10-04,30.0154,0.0093,0.0,564082,0.0556,111395,0.0728,6282,0.0366,0.045,0.0436,0.5826,9.7867,0.7494,20.0079,5.19
1688.com.png,2021-10-04,29.4888,0.0097,0.0,539788,0.0543,112142,0.0996,6160,0.0356,0.0409,0.0433,0.6353,9.4748,0.6972,19.7685,5.1381
17ok.com.png,2021-10-04,29.5288,0.01,0.0,851816,0.0625,113038,0.1202,12608,0.0432,0.0427,0.0528,0.6656,9.5482,0.6912,19.6891,5.6102
360.cn.png,2021-10-04,29.2127,0.0085,0.0,521776,0.0509,84403,0.0585,6437,0.0381,0.0282,0.0401,0.6058,9.3247,0.6233,19.6889,3.7393
360doc.com.png,2021-10-03,29.68,0.0025,0.0,567178,0.0485,126935,0.0562,6476,0.0398,0.0468,0.0455,0.5724,9.6738,0.7988,19.8108,5.3832
51.la.png,2021-10-04,29.702,0.0056,0.0,441466,0.0512,111966,0.0495,4405,0.0367,0.0408,0.0394,0.5679,9.6162,0.7657,19.9004,4.9714
51sole.com.png,2021-10-03,30.6357,0.0038,0.0,939853,0.0661,130509,0.0865,9818,0.0485,0.0481,0.0538,0.576,10.0129,0.6972,20.3608,5.4665
51yes.com.png,2021-10-04,29.5841,0.0101,0.0,420476,0.0513,117807,0.0561,2609,0.0376,0.0464,0.0461,0.6681,9.8263,0.7989,19.5535,5.271
58.com.png,2021-10-04,29.7067,0.0082,0.0,348652,0.051,127602,0.0425,1537,0.034,0.0454,0.038,0.6017,9.7564,0.7613,19.7735,4.734
6.cn.png,2021-10-03,29.5561,0.005,0.0,1204995,0.0728,131382,0.1912,16452,0.0543,0.0495,0.0629,0.7004,9.3892,0.568,19.7775,4.6844
9gag.com.png,2021-10-03,29.186,0.0025,0.0,577502,0.0585,96504,0.0697,6099,0.0432,0.0332,0.0472,0.7492,9.3868,0.6593,19.5747,4.5476
abs-cbn.com.png,2021-10-04,29.326,0.0112,0.0,938876,0.0655,129405,0.118,8146,0.0433,0.0491,0.0594,0.731,9.3925,0.6655,19.633,4.869
academia.edu.png,2021-10-04,28.879,0.0069,0.0,114052,0.036,58710,0.0322,335,0.0242,0.0193,0.0307,0.595,9.1451,0.6548,19.6008,3.2633
adobe.com.png,2021-10-04,29.027,0.0122,0.0,504483,0.0505,59212,0.0732,26228,0.0387,0.0166,0.0419,0.3248,9.1308,0.5708,19.6765,3.0134
adp.com.png,2021-10-03,29.4767,0.0034,0.0,877179,0.0594,106618,0.1307,10363,0.0446,0.0485,0.0496,0.6567,9.4395,0.6851,19.7464,4.7639
airbnb.com.png,2021-10-03,30.2255,0.0035,0.0,927821,0.0578,121614,0.1404,10370,0.0447,0.0522,0.0539,0.6749,9.4967,0.5078,20.4255,3.9708
albawabhnews.com.png,2021-10-03,29.5303,0.0036,0.0,572198,0.0549,116480,0.0741,6131,0.0395,0.0477,0.0471,0.7502,9.5707,0.6493,19.7373,4.9589
alibaba.com.png,2021-10-03,29.1804,0.0025,0.0,412832,0.0504,95187,0.0536,3486,0.0347,0.0319,0.0405,0.6576,9.2581,0.6161,19.7375,4.8035
aliexpress.com.png,2021-10-03,29.7722,0.003,0.0,626338,0.0562,123820,0.0816,6257,0.0371,0.0486,0.0459,0.6452,9.7752,0.6531,19.7699,5.7421
alipay.com.png,2021-10-03,29.2935,0.0042,0.0,744767,0.0537,71636,0.0671,10359,0.0445,0.0229,0.0476,0.6007,9.3173,0.6219,19.7562,2.6897
aliyun.com.png,2021-10-04,29.3496,0.0096,0.0,531101,0.064,98503,0.0584,10058,0.0334,0.0356,0.0421,0.6747,9.4342,0.7427,19.7007,4.158
allegro.pl.png,2021-10-03,29.53,0.0027,0.0,524998,0.05,111698,0.0902,5122,0.0376,0.0395,0.0413,0.7171,9.4524,0.6914,19.8528,5.2628
alodokter.com.png,2021-10-04,29.3172,0.0087,0.0,555769,0.0484,80293,0.0534,3551,0.0361,0.029,0.0427,0.5728,9.3509,0.5848,19.774,4.184
alwafd.news.png,2021-10-04,30.8833,0.0117,0.0,731716,0.0549,136414,0.0703,6763,0.0406,0.0579,0.0503,0.6116,9.9397,0.6527,20.7128,5.9936
amazon.com.png,2021-10-03,29.3489,0.0034,0.0,624402,0.056,102511,0.1121,7991,0.0414,0.0398,0.0474,0.5787,9.2858,0.5216,19.7998,4.7319
amazonaws.com.png,2021-10-04,29.2637,0.0084,0.0,487773,0.0497,90323,0.0496,4958,0.0362,0.0307,0.0414,0.6902,9.3714,0.7085,19.7039,4.1414
ameblo.jp.png,2021-10-04,29.2653,0.0105,0.0,587039,0.0521,100620,0.0691,6427,0.038,0.0383,0.0449,0.6998,9.3583,0.6414,19.6892,4.8534
americanexpress.com.png,2021-10-03,29.4633,0.0032,0.0,794048,0.0619,111671,0.0845,14354,0.043,0.0379,0.0529,0.7666,9.4356,0.6058,19.7794,4.814
ameritrade.com.png,2021-10-04,29.5067,0.0108,0.0,912806,0.0622,108985,0.0754,13251,0.0457,0.0446,0.053,0.6611,9.5032,0.6078,19.7534,4.8005
aol.com.png,2021-10-03,29.8207,0.0033,0.0,627437,0.0556,118793,0.1108,6242,0.0417,0.046,0.0466,0.5665,9.5878,0.6458,19.9718,5.5652
aparat.com.png,2021-10-03,30.1399,0.0027,0.0,578495,0.0514,108705,0.0769,4594,0.0386,0.0414,0.0443,0.552,10.0655,0.69,19.8574,4.9279
aporasal.net.png,2021-10-04,29.3584,0.0089,0.0,269688,0.0501,97684,0.0438,2863,0.0306,0.0336,0.0378,0.5405,9.5427,0.6416,19.6415,4.8172
apple.com.png,2021-10-04,29.179,0.0018,0.0,313034,0.0448,57817,0.0508,8294,0.0324,0.0187,0.0334,0.6032,9.1529,0.5967,19.8599,2.8464
archive.org.png,2021-10-04,29.2652,0.0093,0.0,156569,0.0361,87378,0.0316,681,0.0286,0.0337,0.0334,0.6162,9.3711,0.6513,19.7521,4.3316
ask.com.png,2021-10-03,29.5537,0.0035,0.0,808824,0.0591,126236,0.0902,11320,0.0445,0.048,0.0526,0.6781,9.5933,0.6711,19.7076,5.703
asos.com.png,2021-10-03,29.8328,0.004,0.0,1536635,0.0781,180384,0.1101,19439,0.0545,0.0715,0.0663,0.6677,9.7818,0.6927,19.7349,5.9652
atlassian.com.png,2021-10-03,29.4194,0.0019,0.0,187731,0.036,102247,0.0314,1613,0.031,0.0315,0.0331,0.6955,9.5109,0.6947,19.7711,5.5611
att.com.png,2021-10-03,29.3069,0.002,0.0,313209,0.0389,83939,0.0472,4321,0.0337,0.0356,0.0405,0.5655,9.3367,0.6193,19.8046,4.6153
avito.ru.png,2021-10-04,29.5619,0.0026,0.0,456213,0.0487,108949,0.0672,3378,0.036,0.0428,0.0422,0.5041,9.5163,0.7182,19.8457,4.7548
babytree.com.png,2021-10-03,29.4722,0.0039,0.0,616454,0.0588,106785,0.0709,6865,0.0408,0.0421,0.0469,0.6514,9.4781,0.7007,19.7699,4.9529
baidu.com.png,2021-10-03,29.1944,0.001,0.0,83778,0.0275,43433,0.0221,318,0.0309,0.0109,0.0285,0.6966,9.1693,0.6852,19.9122,2.3225
bankofamerica.com.png,2021-10-03,29.384,0.0025,0.0,308753,0.0396,110823,0.0433,2541,0.0308,0.0423,0.0372,0.541,9.5076,0.672,19.72,5.4481
bbc.com.png,2021-10-03,30.1728,0.0047,0.0,973172,0.0609,113333,0.142,17485,0.044,0.0437,0.0549,0.6703,9.8092,0.6427,20.052,4.9997
behance.net.png,2021-10-04,29.4122,0.0122,0.0,1038058,0.0632,120815,0.1195,11696,0.0477,0.0452,0.0552,0.6919,9.4699,0.571,19.6414,5.24
bestbuy.com.png,2021-10-03,29.2952,0.003,0.0,472043,0.0473,102306,0.0931,4126,0.0367,0.0334,0.0423,0.6208,9.4128,0.6707,19.6571,4.8078
bet365.com.png,2021-10-04,29.1886,0.0076,0.0,188126,0.0436,74823,0.0405,771,0.0283,0.024,0.0324,0.617,9.3045,0.6558,19.7288,2.3731
bet9ja.com.png,2021-10-04,29.6415,0.0102,0.0,543316,0.0532,145907,0.062,4615,0.0372,0.0544,0.0456,0.6405,9.6973,0.7065,19.7331,6.0825
bilibili.com.png,2021-10-04,29.9525,0.011,0.0,1137696,0.0665,156833,0.1811,8542,0.0523,0.0667,0.0629,0.6334,9.7543,0.7157,19.8211,6.2565
binance.com.png,2021-10-04,29.247,0.0078,0.0,365558,0.0441,80698,0.0509,3989,0.0324,0.0307,0.0394,0.5629,9.4815,0.6427,19.5878,4.0378
bing.com.png,2021-10-03,29.5971,0.0049,0.0,1848615,0.0856,153848,0.1882,36909,0.0634,0.0644,0.0808,0.74,9.3888,0.4199,19.7825,2.9902
biobiochile.cl.png,2021-10-04,29.6777,0.0035,0.0,786161,0.0589,144589,0.0738,4824,0.0396,0.0557,0.05,0.5012,9.5467,0.7119,19.9023,5.78
blackboard.com.png,2021-10-04,29.2592,0.0096,0.0,859584,0.0637,90133,0.1275,19844,0.0464,0.0328,0.0537,0.7782,9.2612,0.6184,19.694,3.4945
blogger.com.png,2021-10-04,29.1548,0.0101,0.0,467116,0.0442,71211,0.0521,5431,0.0367,0.032,0.0437,0.6277,9.2593,0.5945,19.7056,3.1081
bloomberg.com.png,2021-10-03,30.0137,0.0027,0.0,498833,0.0532,178384,0.0542,3838,0.0355,0.0716,0.0413,0.5912,9.9511,0.7854,19.8727,7.5716
bola.com.png,2021-10-03,29.1841,0.0033,0.0,827101,0.063,116385,0.0872,10476,0.0472,0.048,0.0533,0.6689,9.3914,0.4996,19.5356,5.0624
bongacams.com.png,2021-10-03,29.8244,0.005,0.0,1055447,0.0672,175871,0.1698,11142,0.0508,0.07,0.0606,0.6458,9.8589,0.706,19.6091,7.0308
booking.com.png,2021-10-03,29.3134,0.0038,0.0,707995,0.0547,115031,0.105,5569,0.0378,0.0432,0.0473,0.7198,9.4071,0.5535,19.6548,4.4921
box.com.png,2021-10-04,29.1089,0.0079,0.0,251528,0.0421,64806,0.0452,1684,0.0301,0.0212,0.0361,0.6317,9.1353,0.6569,19.8089,3.6251
breitbart.com.png,2021-10-04,29.4597,0.0091,0.0,508312,0.0533,106524,0.057,4335,0.0341,0.0445,0.0401,0.6939,9.4927,0.7347,19.7705,5.3854
brilio.net.png,2021-10-03,29.4311,0.0037,0.0,1018239,0.0673,119236,0.0789,7390,0.0438,0.0462,0.0537,0.6663,9.4615,0.6574,19.7193,5.5672
bukalapak.com.png,2021-10-04,29.3598,0.0111,0.0,551606,0.0503,93923,0.0789,4412,0.0347,0.0341,0.0436,0.6435,9.3199,0.5876,19.8179,4.9237
businessinsider.com.png,2021-10-04,29.4579,0.003,0.0,782901,0.0594,117043,0.077,13219,0.0426,0.0493,0.0495,0.6718,9.5111,0.6667,19.7123,5.3612
ca.gov.png,2021-10-04,29.7292,0.0111,0.0,1041037,0.0669,86841,0.1114,10711,0.0491,0.029,0.0572,0.6594,9.2363,0.538,20.194,3.7497
cambridge.org.png,2021-10-04,29.0871,0.0103,0.0,681218,0.054,73035,0.0735,7977,0.0409,0.0215,0.0444,0.7641,9.1913,0.5943,19.6697,3.412
canada.ca.png,2021-10-03,29.7518,0.0037,0.0,636852,0.0502,104495,0.1156,4923,0.0407,0.0411,0.0478,0.6528,9.4775,0.7258,20.0127,4.481
canva.com.png,2021-10-04,29.2428,0.0091,0.0,537254,0.0507,80231,0.0643,5760,0.0373,0.0341,0.0414,0.6368,9.2945,0.4586,19.7424,4.2236
capitalone.com.png,2021-10-04,29.402,0.0041,0.0,939534,0.0609,100572,0.1419,12137,0.0522,0.0441,0.0619,0.6715,9.2757,0.4985,19.8021,4.1487
cbssports.com.png,2021-10-04,29.4437,0.0112,0.0,988679,0.0646,115840,0.1314,15937,0.0427,0.0429,0.0524,0.7426,9.4079,0.5992,19.7307,4.5764
cdc.gov.png,2021-10-04,31.0045,0.0095,0.0,824120,0.0602,106195,0.0869,11485,0.0443,0.0486,0.0519,0.6371,9.6412,0.5368,21.1075,4.5183
chase.com.png,2021-10-04,29.3646,0.0067,0.0,145421,0.0362,71849,0.0329,1064,0.0274,0.0268,0.0315,0.663,9.3658,0.643,19.861,4.3367
chaturbate.com.png,2021-10-04,30.0358,0.0098,0.0,932674,0.065,196535,0.1395,7543,0.047,0.0824,0.0551,0.6464,9.9826,0.7599,19.7334,7.3643
chegg.com.png,2021-10-03,29.4367,0.0033,0.0,498432,0.049,85129,0.061,7232,0.039,0.0302,0.044,0.6852,9.29,0.6384,19.9443,3.6056
chess.com.png,2021-10-03,29.8399,0.0014,0.0,203234,0.0562,84184,0.038,1869,0.0319,0.035,0.0358,0.4491,9.3878,0.4884,20.0604,4.4008
chouftv.ma.png,2021-10-03,30.1774,0.0032,0.0,677781,0.0552,117242,0.0839,7759,0.0413,0.0453,0.0478,0.6595,9.7305,0.6051,20.2125,4.8248
citi.com.png,2021-10-04,29.2832,0.0092,0.0,475994,0.0486,85475,0.0554,3922,0.0358,0.0344,0.0424,0.5998,9.3425,0.6073,19.7462,4.5154
cnbc.com.png,2021-10-04,29.4312,0.0032,0.0,437992,0.0455,114215,0.093,4543,0.0316,0.0409,0.0387,0.7047,9.515,0.723,19.7013,5.2374
cnblogs.com.png,2021-10-04,29.6234,0.0092,0.0,353134,0.0511,121068,0.0449,1848,0.0347,0.0452,0.0417,0.3879,9.7721,0.802,19.6665,5.2209
cnet.com.png,2021-10-04,29.4623,0.0091,0.0,1084100,0.0655,129445,0.0827,17035,0.0471,0.0508,0.0558,0.7098,9.3881,0.6479,19.8108,5.3701
cnn.com.png,2021-10-04,29.6094,0.0101,0.0,847389,0.0597,147203,0.0949,7395,0.0438,0.0564,0.0614,0.5506,9.634,0.6821,19.7022,5.8975
cnzz.com.png,2021-10-04,30.8656,0.009,0.0,347726,0.0392,85644,0.041,3153,0.0334,0.0322,0.0387,0.5335,9.4878,0.6829,21.2132,3.8755
coingecko.com.png,2021-10-04,29.2784,0.0091,0.0,216547,0.0393,91058,0.0368,1084,0.029,0.0254,0.0326,0.5921,9.3438,0.6307,19.7848,4.3536
coinmarketcap.com.png,2021-10-04,29.2978,0.0082,0.0,274185,0.0388,98801,0.0379,2283,0.0302,0.033,0.0359,0.4713,9.3719,0.6999,19.7715,4.6804
constantcontact.com.png,2021-10-04,29.2102,0.0089,0.0,274883,0.0388,73729,0.0482,3621,0.0294,0.0256,0.0357,0.6115,9.2232,0.4768,19.8227,3.6714
costco.com.png,2021-10-03,30.1035,0.0031,0.0,542933,0.0519,105586,0.0668,5075,0.0372,0.0399,0.0428,0.581,9.459,0.614,20.4398,4.7827
coursehero.com.png,2021-10-04,29.3271,0.0111,0.0,941101,0.068,70921,0.0823,16157,0.0513,0.0195,0.0547,0.7726,9.2813,0.5247,19.7752,3.0226
coursera.org.png,2021-10-03,29.4204,0.004,0.0,421969,0.0467,86435,0.09,4408,0.0339,0.03,0.0402,0.6578,9.3832,0.6259,19.8195,4.1588
craigslist.org.png,2021-10-04,29.4838,0.0079,0.0,299615,0.0442,147879,0.0327,648,0.034,0.0354,0.0399,0.8819,9.6719,0.8258,19.6499,5.3323
cricbuzz.com.png,2021-10-04,29.6786,0.0094,0.0,501779,0.0539,126371,0.0574,3680,0.0358,0.045,0.0427,0.6699,9.7702,0.7217,19.7039,5.4045
crunchyroll.com.png,2021-10-04,29.6478,0.0139,0.0,1063739,0.0713,159352,0.1176,8466,0.0503,0.0637,0.0609,0.6556,9.7482,0.6947,19.5825,6.2962
csdn.net.png,2021-10-03,29.7235,0.0041,0.0,685832,0.0571,132782,0.0812,6826,0.0425,0.0473,0.0538,0.6141,9.7502,0.7239,19.7314,6.0607
dailymail.co.uk.png,2021-10-04,29.7465,0.0112,0.0,1146358,0.0699,194619,0.1158,9641,0.0447,0.0718,0.056,0.7244,9.7352,0.7321,19.7107,7.0485
dailymotion.com.png,2021-10-04,29.5873,0.0087,0.0,706263,0.0557,114907,0.0823,5462,0.0383,0.0473,0.0454,0.6177,9.6613,0.739,19.6928,5.1659
daum.net.png,2021-10-04,30.5336,0.0093,0.0,571693,0.0516,138671,0.0704,3656,0.0389,0.0504,0.0439,0.5723,9.8432,0.7635,20.4732,5.4553
dbs.com.sg.png,2021-10-04,29.1705,0.0106,0.0,842502,0.0626,141989,0.0541,556,0.046,0.0728,0.0539,0.6753,9.3804,0.4543,19.5598,3.9697
dcard.tw.png,2021-10-04,29.0046,0.0073,0.0,140478,0.0352,63981,0.0346,1036,0.0286,0.0209,0.0308,0.6832,9.193,0.6113,19.6718,3.3219
deepl.com.png,2021-10-03,29.138,0.0018,0.0,113033,0.0322,63221,0.0257,793,0.0327,0.0195,0.0313,0.7743,9.3442,0.6442,19.667,3.1863
dell.com.png,2021-10-03,29.937,0.0038,0.0,652632,0.0552,90691,0.1377,3542,0.0407,0.0405,0.0486,0.5885,9.3058,0.5566,20.3421,4.008
detik.com.png,2021-10-04,29.613,0.0115,0.0,830619,0.0578,134339,0.118,8868,0.0411,0.0506,0.0512,0.616,9.5368,0.6799,19.7937,5.4775
deviantart.com.png,2021-10-03,29.0747,0.0048,0.0,1098142,0.0629,105356,0.1433,11053,0.049,0.041,0.057,0.7478,9.1868,0.3861,19.5681,3.5461
digikala.com.png,2021-10-04,29.1262,0.0098,0.0,536845,0.0536,84866,0.0668,4203,0.0373,0.0354,0.0443,0.6291,9.3344,0.4883,19.5767,4.2369
discord.com.png,2021-10-03,29.7772,0.0028,0.0,249532,0.0448,77681,0.0438,1971,0.0291,0.0266,0.0363,0.5775,9.3276,0.5309,20.2896,3.6524
disneyplus.com.png,2021-10-04,29.9632,0.0114,0.0,1290657,0.0771,151374,0.1398,10874,0.0557,0.0619,0.0662,0.6026,9.7235,0.7348,19.8865,4.6523
divar.ir.png,2021-10-03,29.2788,0.0016,0.0,159071,0.0326,80357,0.0286,660,0.0266,0.0193,0.0314,0.7841,9.3128,0.5129,19.8421,4.23
docusign.com.png,2021-10-04,29.3233,0.0035,0.0,557920,0.0468,87752,0.0439,1136,0.0355,0.0265,0.0408,0.7327,9.2221,0.5534,19.9277,5.0493
donya-e-eqtesad.com.png,2021-10-04,29.6708,0.0113,0.0,419988,0.0472,151751,0.0804,1924,0.0324,0.0577,0.0403,0.6101,9.7115,0.6683,19.7448,6.9466
douban.com.png,2021-10-04,29.4344,0.0121,0.0,559246,0.0557,99417,0.0621,6420,0.0378,0.0367,0.0442,0.6202,9.4475,0.6675,19.7717,4.1172
dropbox.com.png,2021-10-03,29.3646,0.0035,0.0,302942,0.047,91030,0.0422,2595,0.0335,0.0334,0.0389,0.528,9.4593,0.6919,19.7371,4.0863
duckduckgo.com.png,2021-10-04,29.0783,0.0077,0.0,95649,0.03,48769,0.0276,499,0.0253,0.0143,0.0284,0.7295,9.1904,0.6484,19.7658,2.816
ebay-kleinanzeigen.de.png,2021-10-04,29.3206,0.0098,0.0,561083,0.0542,124115,0.068,7402,0.0363,0.045,0.0441,0.56,9.5249,0.6566,19.5795,5.1269
ebay.com.png,2021-10-04,29.3063,0.0096,0.0,576546,0.0522,106509,0.0695,5152,0.0368,0.0394,0.0434,0.6059,9.4022,0.6234,19.6894,5.3522
efu.com.cn.png,2021-10-04,29.8633,0.0109,0.0,946144,0.0648,158585,0.1247,5834,0.0432,0.0731,0.0517,0.5806,9.871,0.7798,19.694,7.4595
eghtesadnews.com.png,2021-10-03,29.6303,0.0032,0.0,681490,0.0566,131886,0.0692,4467,0.0407,0.0499,0.0478,0.663,9.6161,0.591,19.792,6.1493
eghtesadonline.com.png,2021-10-04,29.8885,0.0115,0.0,611066,0.0581,171026,0.0946,3838,0.0374,0.0653,0.0495,0.6881,9.7437,0.7006,19.8906,7.7159
elwatannews.com.png,2021-10-03,29.3833,0.0032,0.0,741605,0.0615,115366,0.0895,5546,0.044,0.0484,0.0495,0.599,9.4466,0.6402,19.686,5.78
ensonhaber.com.png,2021-10-04,29.7288,0.0119,0.0,973069,0.0681,146775,0.0755,17139,0.0474,0.0605,0.0577,0.7203,9.6564,0.7311,19.8071,6.2605
espn.com.png,2021-10-04,29.651,0.0096,0.0,630280,0.0535,125609,0.09,5053,0.0431,0.0411,0.05,0.5106,9.5906,0.7159,19.8111,5.3951
espncricinfo.com.png,2021-10-04,29.8169,0.0099,0.0,705408,0.0572,119779,0.1033,6158,0.0393,0.0445,0.0474,0.5935,9.5229,0.6294,20.0338,5.2733
etoro.com.png,2021-10-03,29.2147,0.0033,0.0,550016,0.0518,97436,0.052,4556,0.0366,0.035,0.0424,0.6064,9.4787,0.6733,19.5467,4.8505
etsy.com.png,2021-10-04,29.6202,0.0104,0.0,687597,0.0578,113762,0.0805,6794,0.0424,0.0469,0.0481,0.6501,9.4777,0.656,19.9002,4.9694
ettoday.net.png,2021-10-04,29.5154,0.0072,0.0,1068610,0.0641,135836,0.1067,10959,0.051,0.0558,0.0561,0.6234,9.5949,0.6943,19.6323,5.7935
evernote.com.png,2021-10-04,29.3578,0.0086,0.0,193672,0.0401,82184,0.0393,827,0.0288,0.03,0.0331,0.5844,9.3808,0.6308,19.8239,4.4277
facebook.com.png,2021-10-03,29.2313,0.0017,0.0,92433,0.0361,55430,0.0254,594,0.028,0.0156,0.0285,0.4837,9.3611,0.6712,19.7473,2.8517
fandom.com.png,2021-10-03,29.3843,0.0045,0.0,1092709,0.066,130359,0.0981,16084,0.0453,0.0411,0.0551,0.7724,9.546,0.7329,19.5663,5.0005
fast.com.png,2021-10-03,29.0177,0.0019,0.0,72215,0.0286,39582,0.0296,396,0.0293,0.0104,0.0283,0.5468,9.0907,0.5292,19.8061,2.7212
fc2.com.png,2021-10-04,29.549,0.0081,0.0,293721,0.0422,116096,0.0398,1683,0.0321,0.0405,0.039,0.6242,9.5406,0.7453,19.844,5.2643
fedex.com.png,2021-10-04,29.1427,0.0104,0.0,575132,0.0554,83622,0.0712,11659,0.0378,0.0296,0.0451,0.5759,9.36,0.6437,19.5596,4.2148
fidelity.com.png,2021-10-03,29.7615,0.0023,0.0,518424,0.0556,120743,0.057,10461,0.0369,0.0423,0.0453,0.6391,9.6541,0.7225,19.9072,5.2532
filimo.com.png,2021-10-04,29.3881,0.0109,0.0,1021022,0.0603,111196,0.0771,10976,0.0462,0.0374,0.054,0.719,9.2835,0.5822,19.8531,3.3389
fiverr.com.png,2021-10-04,29.0898,0.0135,0.0,553824,0.0496,73255,0.057,8029,0.037,0.0202,0.0416,0.8254,9.2707,0.6173,19.6174,3.3373
flickr.com.png,2021-10-03,29.2472,0.0052,0.0,857666,0.0605,117635,0.0488,264,0.0443,0.0408,0.0519,0.8069,9.3304,0.5199,19.7031,3.3877
flipkart.com.png,2021-10-04,29.5123,0.0076,0.0,567058,0.0554,109970,0.1078,5714,0.0387,0.0397,0.047,0.6317,9.5913,0.6634,19.661,5.5274
focus.cn.png,2021-10-04,30.7038,0.0061,0.0,1499259,0.0741,163354,0.1086,21198,0.055,0.0554,0.0635,0.6535,9.6484,0.7117,20.7448,5.8722
forbes.com.png,2021-10-04,29.3987,0.0097,0.0,624720,0.0557,104071,0.0597,2585,0.0377,0.0335,0.0452,0.7465,9.4498,0.7006,19.7379,4.5983
force.com.png,2021-10-03,29.3935,0.0036,0.0,344819,0.0466,84227,0.0466,2724,0.0338,0.0302,0.0388,0.4345,9.5433,0.6606,19.6777,4.3547
foxnews.com.png,2021-10-04,29.7943,0.0119,0.0,923402,0.0669,161943,0.11,8535,0.0467,0.0637,0.0534,0.6775,9.6518,0.6938,19.8506,6.6268
freelancer.com.png,2021-10-03,29.5672,0.0051,0.0,1155118,0.0702,129209,0.0632,6265,0.0476,0.0441,0.0594,0.8087,9.5713,0.5604,19.7473,3.7506
freepik.com.png,2021-10-04,29.1612,0.0106,0.0,676327,0.0566,82099,0.0777,14902,0.0388,0.032,0.0468,0.6247,9.2153,0.566,19.7125,3.8024
geeksforgeeks.org.png,2021-10-04,29.3154,0.0085,0.0,333171,0.042,91963,0.0405,1785,0.0332,0.0315,0.0378,0.6167,9.402,0.6895,19.7481,4.4729
genius.com.png,2021-10-04,29.666,0.0035,0.0,794870,0.0512,111431,0.0547,4851,0.042,0.0491,0.049,0.5288,9.5689,0.6212,19.8934,5.1418
getadblock.com.png,2021-10-03,29.3367,0.0017,0.0,110883,0.0323,68497,0.0246,362,0.0334,0.0229,0.0303,0.6426,9.3643,0.7001,19.8457,3.6888
gismeteo.ru.png,2021-10-04,29.5933,0.0102,0.0,504155,0.0533,144460,0.0673,3217,0.0384,0.0511,0.0435,0.5962,9.6398,0.7371,19.7377,6.0108
github.com.png,2021-10-03,29.2728,0.0044,0.0,690442,0.053,113021,0.0985,10229,0.0418,0.0306,0.0455,0.6543,9.398,0.7166,19.6287,3.6958
glassdoor.com.png,2021-10-04,29.4338,0.0121,0.0,1222925,0.0703,89886,0.0819,16970,0.0461,0.0341,0.0538,0.6647,9.2389,0.6217,19.9277,3.372
globo.com.png,2021-10-04,29.4688,0.0102,0.0,831975,0.0628,134446,0.1323,9400,0.0419,0.0562,0.0543,0.5935,9.5372,0.6899,19.627,5.7043
gmw.cn.png,2021-10-03,29.4386,0.0023,0.0,446447,0.0501,128814,0.0615,2759,0.0371,0.0511,0.0417,0.5705,9.6455,0.7324,19.5972,5.9501
gmx.net.png,2021-10-04,29.5998,0.011,0.0,852523,0.0616,120909,0.1033,11045,0.0423,0.0486,0.0523,0.6461,9.4465,0.6305,19.8797,5.437
godaddy.com.png,2021-10-03,29.1029,0.0038,0.0,502965,0.0453,91812,0.0671,5114,0.037,0.0342,0.0431,0.7032,9.2568,0.5515,19.6446,4.6797
gome.com.cn.png,2021-10-03,29.8897,0.0042,0.0,971367,0.0617,149065,0.1255,10434,0.0454,0.0622,0.0543,0.5417,9.7164,0.6865,19.8794,7.1582
goodreads.com.png,2021-10-04,29.5246,0.0086,0.0,377347,0.0424,111075,0.0483,2983,0.0335,0.0427,0.0399,0.6277,9.5162,0.6623,19.8326,5.5588
google.com.png,2021-10-04,28.8868,0.0022,0.0,57249,0.0283,31168,0.0242,395,0.0272,0.0047,0.0253,0.4004,9.0897,0.6442,19.6865,1.9184
googlevideo.com.png,2021-10-04,32.3237,0.002,0.0,51810,0.027,30690,0.0225,314,0.028,0.0064,0.025,0.3644,9.8804,0.4721,22.3345,2.0488
gosuslugi.ru.png,2021-10-04,29.5617,0.0106,0.0,988333,0.0639,121253,0.1075,20141,0.0467,0.0429,0.0545,0.679,9.4169,0.5999,19.8587,3.9683
grammarly.com.png,2021-10-04,29.1233,0.0079,0.0,262852,0.0456,58381,0.0446,4497,0.034,0.0163,0.0354,0.6721,9.3071,0.7439,19.6454,2.9581
grid.id.png,2021-10-03,29.1662,0.0049,0.0,794967,0.0564,90103,0.0784,9420,0.0413,0.0351,0.0499,0.5964,9.2045,0.5491,19.7277,4.1878
gusuwang.com.png,2021-10-04,30.032,0.0089,0.0,861268,0.0581,183214,0.0812,5385,0.0444,0.0781,0.0563,0.523,10.1226,0.8335,19.6573,7.9732
hao123.com.png,2021-10-04,29.505,0.0091,0.0,374624,0.049,142524,0.0519,1989,0.0338,0.0508,0.0412,0.5283,9.7129,0.8087,19.6039,5.8418
haosou.com.png,2021-10-03,29.1719,0.0013,0.0,58859,0.0299,32810,0.0231,186,0.0274,0.0087,0.0244,0.4232,9.3008,0.6657,19.7621,2.0086
hdfcbank.com.png,2021-10-04,29.3644,0.0094,0.0,488975,0.0465,110324,0.0591,4342,0.037,0.0421,0.0428,0.6523,9.5633,0.703,19.6029,5.1704
healthline.com.png,2021-10-04,29.2336,0.0107,0.0,561542,0.0442,94428,0.1081,5254,0.0352,0.0359,0.0436,0.6284,9.3036,0.6161,19.685,4.4471
heavy.com.png,2021-10-04,29.3066,0.0082,0.0,108065,0.0337,80609,0.0293,252,0.0261,0.0265,0.0313,0.6127,9.2611,0.6882,19.9137,4.6731
homedepot.com.png,2021-10-03,29.7047,0.0026,0.0,549829,0.0463,93172,0.0616,4052,0.0405,0.0362,0.0444,0.5857,9.5819,0.6217,19.9245,4.7895
hootsuite.com.png,2021-10-03,28.8461,0.0021,0.0,94170,0.0367,51017,0.0317,753,0.026,0.0161,0.0298,0.6227,9.0955,0.4808,19.6188,3.1649
house365.com.png,2021-10-03,29.5313,0.0047,0.0,818268,0.0548,103578,0.1385,9274,0.0411,0.0393,0.048,0.6092,9.6233,0.7136,19.6172,4.4856
hp.com.png,2021-10-04,29.1072,0.009,0.0,432996,0.0455,53377,0.0468,5651,0.0375,0.0159,0.0399,0.7028,9.1527,0.4637,19.7727,2.876
huanqiu.com.png,2021-10-04,29.5768,0.0099,0.0,711360,0.0556,131602,0.0796,9265,0.0429,0.0541,0.0476,0.4964,9.6214,0.7452,19.7165,5.6897
hulu.com.png,2021-10-04,29.3218,0.0128,0.0,1179477,0.0702,98951,0.0866,17301,0.0489,0.0329,0.0562,0.7546,9.3395,0.5604,19.7046,2.7852
ibicn.com.png,2021-10-04,29.8892,0.0097,0.0,633967,0.0595,161204,0.0597,4276,0.0404,0.0616,0.0488,0.5938,9.9214,0.7922,19.7468,6.2533
icicibank.com.png,2021-10-03,29.5257,0.0019,0.0,380803,0.0415,106449,0.0533,3038,0.034,0.0377,0.0408,0.5801,9.4483,0.6452,19.903,5.1348
idntimes.com.png,2021-10-04,29.6984,0.0095,0.0,655240,0.0577,109580,0.0631,8467,0.0356,0.0398,0.0458,0.6377,9.5723,0.6959,19.9114,5.3299
ih5.cn.png,2021-10-03,29.176,0.0021,0.0,151090,0.0384,51113,0.0331,415,0.0331,0.0169,0.0345,0.5534,9.3365,0.7646,19.6952,2.4774
ikea.com.png,2021-10-04,29.4172,0.0106,0.0,1199026,0.0721,111647,0.1175,20386,0.0514,0.0521,0.0625,0.7157,9.3316,0.4559,19.7684,4.9889
ilovepdf.com.png,2021-10-04,29.1859,0.0116,0.0,367113,0.0445,98336,0.0431,2746,0.0336,0.0385,0.0378,0.587,9.4146,0.6973,19.5977,4.8594
imdb.com.png,2021-10-04,29.1755,0.01,0.0,671595,0.0548,86740,0.0886,12309,0.0407,0.0307,0.0447,0.7042,9.3281,0.6645,19.6056,3.193
imgur.com.png,2021-10-04,29.404,0.0089,0.0,766608,0.058,106537,0.0827,10016,0.0389,0.0451,0.0482,0.6681,9.3622,0.61,19.8018,3.799
in.gr.png,2021-10-04,29.5398,0.0097,0.0,1013585,0.0686,156635,0.0897,11672,0.0485,0.0629,0.0559,0.6755,9.4973,0.6833,19.7671,5.4584
incometaxindiaefiling.gov.in.png,2021-10-04,29.7393,0.0074,0.0,344393,0.0458,145803,0.0407,2018,0.0338,0.0537,0.0395,0.5156,9.7595,0.8235,19.8095,6.1843
indeed.com.png,2021-10-04,28.9262,0.009,0.0,110796,0.0375,65447,0.0279,667,0.0235,0.0181,0.0296,0.5213,9.2203,0.6871,19.5753,3.2437
indiamart.com.png,2021-10-04,29.3519,0.0104,0.0,703155,0.0591,97638,0.0694,11016,0.0385,0.0341,0.048,0.7309,9.371,0.6763,19.7525,3.9239
indiatimes.com.png,2021-10-03,29.2636,0.003,0.0,820445,0.0567,105496,0.0674,8083,0.041,0.035,0.0484,0.7004,9.3108,0.6605,19.7333,4.6709
inquirer.net.png,2021-10-04,30.5849,0.0125,0.0,1206030,0.0727,154218,0.1119,14881,0.0511,0.0659,0.0643,0.6663,9.4996,0.6416,20.7697,5.7813
instagram.com.png,2021-10-04,29.335,0.0078,0.0,377884,0.0441,74780,0.0593,1962,0.0325,0.0289,0.0375,0.6491,9.4256,0.7563,19.7251,3.7213
instructure.com.png,2021-10-04,28.9143,0.0097,0.0,530232,0.0519,77917,0.0691,6433,0.0378,0.0282,0.0412,0.6274,9.1895,0.6046,19.512,3.6414
intuit.com.png,2021-10-03,30.7792,0.0024,0.0,449783,0.0496,85372,0.0538,6321,0.0375,0.0284,0.0432,0.6743,9.6033,0.587,20.9865,4.1895
investing.com.png,2021-10-03,29.8186,0.0026,0.0,572202,0.0513,128303,0.0648,5926,0.0394,0.0497,0.0455,0.5896,9.9036,0.6875,19.7079,5.49
investopedia.com.png,2021-10-03,29.652,0.0035,0.0,811092,0.0582,146106,0.1062,5164,0.0435,0.065,0.0491,0.5634,9.6105,0.7322,19.7781,6.6529
iqbroker.com.png,2021-10-03,29.5895,0.0019,0.0,383054,0.0457,82053,0.047,5158,0.0357,0.0295,0.0374,0.6487,9.4673,0.5858,19.9514,3.6937
iqiyi.com.png,2021-10-04,29.3724,0.0105,0.0,1064011,0.067,111936,0.098,13661,0.0444,0.0452,0.0596,0.6489,9.3824,0.6583,19.7075,3.4361
irctc.co.in.png,2021-10-03,29.7784,0.0058,0.0,1379260,0.0729,185574,0.1806,15428,0.0557,0.0887,0.0661,0.6537,9.5931,0.5823,19.8012,5.8643
irs.gov.png,2021-10-04,29.3506,0.0081,0.0,333871,0.0432,97199,0.0518,4510,0.0333,0.0305,0.0389,0.7642,9.3461,0.6181,19.8261,4.6466
issuu.com.png,2021-10-03,29.0817,0.0029,0.0,351109,0.0436,71833,0.0626,2305,0.0331,0.0295,0.0393,0.5754,9.2838,0.6654,19.6124,3.6718
istockphoto.com.png,2021-10-04,29.8019,0.0056,0.0,1511603,0.0779,132072,0.199,19500,0.0578,0.0656,0.0697,0.6884,9.3735,0.5006,20.0154,4.1556
it168.com.png,2021-10-04,29.516,0.0101,0.0,511335,0.0472,103028,0.0552,5413,0.0368,0.0394,0.0424,0.611,9.5625,0.6926,19.7588,4.4884
iyiou.com.png,2021-10-03,29.9283,0.0037,0.0,638904,0.0564,118121,0.1089,5006,0.04,0.0455,0.0473,0.5843,9.5423,0.6403,20.1259,4.6658
jd.com.png,2021-10-03,29.8628,0.0035,0.0,876128,0.0618,137352,0.0916,10271,0.0469,0.0523,0.0549,0.6699,9.6932,0.7133,19.908,5.6998
jiameng.com.png,2021-10-04,30.085,0.0109,0.0,673310,0.0626,222673,0.0557,4303,0.0416,0.0935,0.0521,0.492,10.1146,0.8424,19.7444,9.1902
jianshu.com.png,2021-10-03,29.3399,0.0021,0.0,244202,0.0433,83756,0.0387,1219,0.0316,0.0313,0.0366,0.5793,9.5023,0.7441,19.6823,3.7563
jpnn.com.png,2021-10-04,30.2321,0.0046,0.0,1204583,0.0721,168184,0.1351,14055,0.0482,0.0724,0.0596,0.6723,10.057,0.8026,19.8526,6.1714
justdial.com.png,2021-10-04,29.9961,0.0039,0.0,500190,0.051,102944,0.073,3436,0.0383,0.0413,0.0433,0.5638,9.5404,0.646,20.2424,4.8844
kakaku.com.png,2021-10-04,29.9197,0.0089,0.0,595978,0.0593,179403,0.0587,3597,0.0398,0.0746,0.0492,0.625,9.9397,0.7955,19.7612,7.238
kakao.com.png,2021-10-04,29.0532,0.0101,0.0,707550,0.0527,49958,0.0665,17641,0.0451,0.0123,0.0466,0.7651,9.1317,0.6446,19.6974,2.3917
kapanlagi.com.png,2021-10-03,30.0376,0.0047,0.0,1167166,0.0647,157302,0.1404,10429,0.0477,0.0663,0.0616,0.6387,9.9872,0.7635,19.728,5.7443
kompas.com.png,2021-10-04,29.2732,0.0091,0.0,927190,0.0653,111735,0.0974,12985,0.0413,0.0425,0.0535,0.7078,9.303,0.6264,19.7005,4.9674
kompas.tv.png,2021-10-03,29.7101,0.0035,0.0,804521,0.0581,120589,0.1245,7653,0.0443,0.0491,0.0513,0.6191,9.7147,0.6431,19.7106,5.6224
kumparan.com.png,2021-10-03,29.7839,0.005,0.0,922229,0.0619,137581,0.0861,10514,0.0436,0.0521,0.0571,0.6775,9.8347,0.7598,19.6916,5.9756
ladbible.com.png,2021-10-04,29.2914,0.0029,0.0,812627,0.0656,101516,0.1009,14681,0.0445,0.0396,0.0517,0.7159,9.2724,0.5774,19.7502,4.8535
laodong.vn.png,2021-10-04,29.7885,0.0094,0.0,826565,0.0625,169308,0.1073,9059,0.0409,0.0655,0.049,0.7161,9.7779,0.7824,19.7384,6.2273
lazada.sg.png,2021-10-04,29.4952,0.0111,0.0,859527,0.0595,121029,0.1071,7913,0.0453,0.0497,0.0509,0.5636,9.4619,0.6212,19.7563,5.4737
leboncoin.fr.png,2021-10-03,29.1457,0.0022,0.0,323782,0.0401,84236,0.0517,3538,0.0316,0.0298,0.0379,0.5862,9.3304,0.6278,19.6487,4.0906
liansuo.com.png,2021-10-04,30.2005,0.0086,0.0,861792,0.0589,172345,0.0751,4533,0.0455,0.0754,0.055,0.5442,10.1661,0.7588,19.7884,7.9255
line.me.png,2021-10-03,29.2146,0.0046,0.0,1349165,0.0802,84691,0.1019,28372,0.0541,0.0297,0.0623,0.7387,9.1269,0.37,19.7815,3.1614
linkedin.com.png,2021-10-04,28.9389,0.0096,0.0,123208,0.0362,61418,0.0332,692,0.0292,0.0235,0.0318,0.686,9.1549,0.497,19.6409,3.7469
linktr.ee.png,2021-10-03,28.9707,0.0017,0.0,122376,0.0299,54954,0.0273,1034,0.0278,0.018,0.0288,0.4313,9.0835,0.6556,19.7686,3.2488
liputan6.com.png,2021-10-04,29.8825,0.0108,0.0,1164420,0.0714,157944,0.0905,9114,0.0514,0.0622,0.0599,0.636,9.6444,0.6849,19.9511,5.925
live.com.png,2021-10-04,33.3269,0.0086,0.0,891476,0.0652,80834,0.1222,17412,0.047,0.0223,0.0536,0.7961,11.7085,0.5663,21.3186,3.8893
livejasmin.com.png,2021-10-04,29.6807,0.0099,0.0,1176940,0.0778,132904,0.1796,19065,0.0523,0.0576,0.0631,0.6653,9.4571,0.4704,19.8376,4.0703
livejournal.com.png,2021-10-04,29.376,0.0107,0.0,1000103,0.0646,110952,0.1219,13366,0.0455,0.0436,0.0532,0.6757,9.389,0.5558,19.6881,4.7309
lowes.com.png,2021-10-04,29.3613,0.0115,0.0,353058,0.0483,106105,0.0484,3605,0.0305,0.0421,0.0368,0.4895,9.4179,0.562,19.7649,6.0914
ltn.com.tw.png,2021-10-04,32.3828,0.0093,0.0,992149,0.0703,178310,0.0996,8156,0.0494,0.0707,0.0586,0.6309,10.7592,0.7972,21.3334,6.6689
mail.ru.png,2021-10-04,29.8058,0.0086,0.0,405495,0.0528,148955,0.0784,2477,0.0338,0.0514,0.0399,0.5282,9.9442,0.7629,19.645,6.3238
mailchimp.com.png,2021-10-04,29.6383,0.0078,0.0,187186,0.0364,72789,0.028,1404,0.0309,0.0256,0.0335,0.5142,9.588,0.7025,19.9106,3.5554
manoramaonline.com.png,2021-10-03,29.9597,0.0032,0.0,791618,0.057,160036,0.1195,5214,0.0405,0.06,0.0493,0.5839,9.9078,0.7687,19.7788,7.1189
marca.com.png,2021-10-04,29.2312,0.0097,0.0,565706,0.0514,118648,0.0662,5952,0.0366,0.0391,0.0414,0.6569,9.4669,0.744,19.556,5.4965
marketwatch.com.png,2021-10-04,29.3147,0.0095,0.0,486581,0.0522,121048,0.0562,4502,0.035,0.0414,0.0417,0.5714,9.4714,0.7163,19.6456,5.3363
mediafire.com.png,2021-10-03,29.2115,0.0043,0.0,218472,0.0443,60008,0.0399,411,0.0319,0.0133,0.0383,0.5738,9.3283,0.4878,19.721,2.8356
medium.com.png,2021-10-03,29.7325,0.0016,0.0,293407,0.0441,92141,0.0404,986,0.0312,0.0256,0.0363,0.7419,9.6591,0.7899,19.9168,3.9685
meituan.com.png,2021-10-03,29.3016,0.0025,0.0,127811,0.0344,66274,0.0314,290,0.027,0.0191,0.0322,0.4911,9.3776,0.6764,19.7935,3.174
mercadolibre.com.mx.png,2021-10-03,29.5017,0.0038,0.0,808262,0.0623,101204,0.0716,7764,0.043,0.0364,0.0534,0.7017,9.5505,0.6219,19.7142,4.4105
mercari.com.png,2021-10-04,29.5358,0.0114,0.0,1807509,0.0832,96385,0.1288,30657,0.0608,0.0356,0.0728,0.7177,9.3047,0.4497,19.8711,3.5201
merdeka.com.png,2021-10-03,29.6295,0.0059,0.0,1246523,0.0764,159836,0.0934,7730,0.0486,0.0655,0.0598,0.6272,9.7671,0.7253,19.5754,6.8343
messenger.com.png,2021-10-04,28.8872,0.009,0.0,334526,0.0444,65084,0.0552,3132,0.0337,0.0214,0.0399,0.6101,9.166,0.6233,19.5358,3.5177
metropoles.com.png,2021-10-04,29.7527,0.0119,0.0,730678,0.0662,155247,0.0838,6885,0.0414,0.0657,0.0509,0.6249,9.7799,0.7279,19.7155,6.9518
mheducation.com.png,2021-10-03,29.4107,0.0032,0.0,623172,0.0541,93716,0.0773,8391,0.0403,0.0369,0.0453,0.7025,9.2493,0.4908,19.9368,4.7148
microsoft.com.png,2021-10-03,29.7335,0.002,0.0,406785,0.0441,76419,0.0483,3622,0.0321,0.0197,0.0377,0.831,9.5042,0.6588,20.0621,3.7154
mit.edu.png,2021-10-03,29.4011,0.005,0.0,764849,0.057,107283,0.0849,9447,0.0415,0.0414,0.0504,0.6709,9.4913,0.6727,19.668,4.4289
momoshop.com.tw.png,2021-10-04,30.273,0.0093,0.0,815648,0.0589,160897,0.0742,7855,0.0404,0.0618,0.0492,0.5761,9.9381,0.7345,20.1001,7.4395
moneycontrol.com.png,2021-10-04,30.031,0.0106,0.0,555104,0.0538,152648,0.0636,3801,0.0343,0.0533,0.0434,0.679,9.6661,0.7798,20.1562,6.5765
mozilla.org.png,2021-10-04,29.3444,0.0079,0.0,596836,0.063,90593,0.0779,6833,0.0431,0.033,0.044,0.67,9.2694,0.5409,19.8355,4.4336
msn.com.png,2021-10-04,29.7738,0.0118,0.0,960999,0.0638,162985,0.1389,10267,0.0477,0.0656,0.0572,0.5913,9.8671,0.7088,19.5841,6.3621
namasha.com.png,2021-10-04,29.7505,0.0089,0.0,1246719,0.0702,146524,0.1695,19090,0.0545,0.0601,0.064,0.7154,9.4166,0.565,19.9637,5.4762
namnak.com.png,2021-10-03,29.6529,0.0044,0.0,617689,0.0575,141125,0.0752,4389,0.04,0.0521,0.0458,0.7399,9.6963,0.617,19.7305,6.0828
namu.wiki.png,2021-10-04,29.5734,0.01,0.0,357163,0.0504,127668,0.0452,1349,0.0343,0.0437,0.0411,0.7097,9.6996,0.687,19.6896,5.8461
naukri.com.png,2021-10-03,29.6908,0.0025,0.0,327032,0.041,115950,0.0419,3301,0.0347,0.0375,0.0392,0.5569,9.623,0.7611,19.9056,5.3499
naver.com.png,2021-10-04,29.9161,0.0087,0.0,398287,0.0506,107880,0.052,3817,0.0334,0.0367,0.0403,0.5877,9.482,0.7044,20.2459,5.004
ndtv.com.png,2021-10-04,29.4466,0.0106,0.0,825750,0.0585,133136,0.0897,11563,0.0496,0.0498,0.0605,0.7765,9.5586,0.6887,19.616,5.5347
netflix.com.png,2021-10-04,29.5027,0.0136,0.0,1277136,0.0748,105350,0.095,19948,0.0533,0.0376,0.0646,0.7718,9.2879,0.615,19.9105,2.7793
nicovideo.jp.png,2021-10-03,29.7727,0.0038,0.0,802396,0.0606,132884,0.1181,12553,0.0434,0.0499,0.0526,0.6579,9.5982,0.6805,19.8929,5.6369
nih.gov.png,2021-10-04,29.4936,0.0103,0.0,926988,0.0666,110284,0.1352,10760,0.0426,0.0452,0.0577,0.6228,9.376,0.6313,19.8021,4.5769
nike.com.png,2021-10-03,30.7036,0.0032,0.0,675959,0.0545,94144,0.0688,8976,0.042,0.0303,0.0481,0.7909,9.8753,0.6063,20.6087,4.1698
ninisite.com.png,2021-10-04,29.3741,0.0096,0.0,723556,0.0562,86703,0.1093,13565,0.04,0.0296,0.0472,0.6906,9.4063,0.5185,19.7022,4.2698
notion.so.png,2021-10-04,28.9813,0.0081,0.0,161836,0.0387,60421,0.0353,1001,0.0262,0.0201,0.0313,0.5589,9.1665,0.6705,19.6722,3.6251
ny.gov.png,2021-10-03,29.155,0.0038,0.0,928060,0.0619,104230,0.1252,12570,0.0482,0.0397,0.0545,0.6783,9.3581,0.57,19.5001,4.0692
nytimes.com.png,2021-10-04,29.4739,0.0087,0.0,421213,0.0427,106613,0.0569,2648,0.034,0.0401,0.0414,0.5078,9.5256,0.7806,19.7615,4.4666
office.com.png,2021-10-04,29.224,0.0104,0.0,769343,0.0546,87129,0.0661,8654,0.0398,0.0339,0.0461,0.6216,9.2836,0.5606,19.7203,4.1804
office365.com.png,2021-10-04,29.389,0.0114,0.0,345443,0.0476,85270,0.0494,5100,0.034,0.0258,0.0388,0.8896,9.3636,0.6391,19.8409,4.1661
ok.ru.png,2021-10-04,29.3276,0.0107,0.0,846521,0.0584,95561,0.1062,5779,0.0444,0.0337,0.0498,0.6723,9.2917,0.5032,19.7634,3.9159
okezone.com.png,2021-10-04,31.6513,0.01,0.0,810095,0.0598,124766,0.0893,7346,0.0445,0.0476,0.052,0.5754,10.3806,0.7253,21.0119,5.6417
okta.com.png,2021-10-04,29.9465,0.009,0.0,327643,0.0489,107857,0.0395,822,0.035,0.0441,0.041,0.6692,10.0075,0.8052,19.7611,5.0679
onlinesbi.com.png,2021-10-03,29.4313,0.0043,0.0,324441,0.048,131905,0.0446,2070,0.0304,0.0401,0.0369,0.5272,9.6792,0.7608,19.5849,5.563
onlyfans.com.png,2021-10-04,29.1463,0.0077,0.0,209472,0.0393,75973,0.0376,1335,0.0299,0.024,0.0332,0.636,9.3392,0.6033,19.6562,3.7728
op.gg.png,2021-10-03,29.1519,0.0018,0.0,252757,0.0416,66254,0.043,2703,0.0301,0.0241,0.0368,0.5282,9.3445,0.5599,19.6511,3.6336
oracle.com.png,2021-10-03,29.4183,0.0055,0.0,1037719,0.0668,108166,0.0767,11578,0.049,0.0345,0.0564,0.5311,9.4747,0.7822,19.6864,3.3123
orange.fr.png,2021-10-04,31.6934,0.008,0.0,455522,0.0457,104221,0.0877,3245,0.0351,0.0399,0.0422,0.6638,10.2739,0.6834,21.1967,4.8727
oschina.net.png,2021-10-04,29.5279,0.0081,0.0,337530,0.0499,140162,0.0409,1506,0.0313,0.0475,0.0403,0.5856,9.7483,0.8342,19.6031,5.5644
ouedkniss.com.png,2021-10-04,29.6531,0.0103,0.0,929436,0.0679,156928,0.0986,8595,0.0457,0.0573,0.0542,0.5906,9.6824,0.712,19.6908,6.3204
outbrain.com.png,2021-10-03,29.2747,0.0016,0.0,241330,0.0434,69519,0.0473,1078,0.0313,0.0212,0.0379,0.5514,9.3504,0.6218,19.7597,4.0056
ozon.ru.png,2021-10-03,29.7248,0.0042,0.0,747798,0.0581,135731,0.1009,6940,0.048,0.0558,0.0588,0.6281,9.5604,0.6987,19.8911,6.8574
padlet.com.png,2021-10-04,30.2282,0.0074,0.0,289835,0.0467,83660,0.0529,2391,0.0315,0.0276,0.0369,0.5613,9.797,0.551,20.2526,4.6671
patch.com.png,2021-10-04,29.6514,0.0051,0.0,1044386,0.0655,133861,0.1511,14078,0.048,0.0532,0.0581,0.7219,9.5051,0.6578,19.8152,5.1904
patreon.com.png,2021-10-03,29.0531,0.0029,0.0,376930,0.0378,67927,0.0414,4154,0.0298,0.0224,0.036,0.5884,9.1492,0.5833,19.7531,3.1425
patria.org.ve.png,2021-10-03,29.6254,0.0031,0.0,764662,0.0515,96547,0.0451,1624,0.0401,0.0319,0.0448,0.4733,9.3813,0.6708,20.0565,3.1945
paypal.com.png,2021-10-04,29.4225,0.0082,0.0,115807,0.0369,64498,0.03,835,0.0261,0.0239,0.0313,0.5137,9.2788,0.5733,20.008,3.997
payu.in.png,2021-10-03,29.0545,0.0031,0.0,857940,0.0631,70841,0.0894,22039,0.0448,0.0222,0.054,0.6653,9.187,0.4908,19.6102,3.137
pexels.com.png,2021-10-04,29.3004,0.0096,0.0,1172886,0.0686,104850,0.0746,8747,0.0526,0.045,0.0616,0.708,9.272,0.598,19.7584,3.6748
pikiran-rakyat.com.png,2021-10-03,29.7201,0.0053,0.0,1456482,0.0767,166869,0.1719,22227,0.0592,0.0671,0.0819,0.7271,9.6332,0.6321,19.6886,6.3066
pinterest.com.png,2021-10-04,29.2571,0.0105,0.0,761381,0.0571,82869,0.1256,6389,0.0442,0.0294,0.05,0.7193,9.144,0.4915,19.8226,3.7198
pixabay.com.png,2021-10-04,31.0713,0.005,0.0,1058903,0.0724,102171,0.1261,18995,0.0551,0.0401,0.0604,0.726,10.5686,0.4747,20.1792,3.9664
pixnet.net.png,2021-10-04,29.3164,0.0071,0.0,503182,0.0534,108279,0.066,3862,0.0367,0.0362,0.0442,0.6488,9.4552,0.7164,19.6506,4.6086
pornhub.com.png,2021-10-04,29.3685,0.0108,0.0,642916,0.0568,101569,0.1222,8632,0.0417,0.0363,0.0479,0.7132,9.5371,0.6197,19.5489,3.1281
primevideo.com.png,2021-10-03,29.4812,0.0035,0.0,922343,0.0636,107089,0.1212,9641,0.0467,0.0444,0.0582,0.6478,9.3738,0.6582,19.8113,3.8874
proiezionidiborsa.it.png,2021-10-03,29.4703,0.0033,0.0,849921,0.0579,139516,0.0859,14089,0.046,0.054,0.0513,0.6862,9.5704,0.7324,19.6526,6.1695
qoo10.sg.png,2021-10-03,29.8852,0.0041,0.0,590456,0.0509,112254,0.0705,4349,0.0399,0.0426,0.0471,0.6306,9.6434,0.7406,20.0262,5.1347
qq.com.png,2021-10-04,30.1506,0.0099,0.0,625470,0.0563,150507,0.078,4206,0.0395,0.0583,0.0474,0.5994,9.8701,0.7301,20.0464,6.333
qualtrics.com.png,2021-10-03,29.2511,0.0027,0.0,290910,0.0404,92417,0.0453,2745,0.0326,0.0337,0.0384,0.711,9.3641,0.7022,19.7233,4.8919
quizlet.com.png,2021-10-03,29.9751,0.0024,0.0,256074,0.0427,62139,0.0445,1959,0.0303,0.0216,0.0353,0.5772,9.9187,0.4576,19.8981,3.2781
quora.com.png,2021-10-04,29.2532,0.0114,0.0,1351215,0.0738,108854,0.0934,8397,0.0532,0.0331,0.0591,0.7023,9.4464,0.3915,19.5127,3.6173
rakuten.co.jp.png,2021-10-04,29.6924,0.0101,0.0,498463,0.0577,145399,0.0486,2626,0.0374,0.059,0.0451,0.5709,9.7197,0.7209,19.7708,7.1082
rambler.ru.png,2021-10-04,29.3502,0.0103,0.0,969779,0.068,119345,0.0928,11667,0.047,0.047,0.0558,0.6566,9.3952,0.5429,19.6781,5.0501
rctiplus.com.png,2021-10-04,31.4289,0.0095,0.0,1025763,0.0706,91067,0.0876,9260,0.0507,0.0345,0.058,0.7471,10.0248,0.5175,21.1234,3.2707
realtor.com.png,2021-10-04,29.4327,0.0081,0.0,604911,0.054,89669,0.0671,7113,0.0395,0.0318,0.0429,0.7262,9.4141,0.5721,19.8039,4.1642
reddit.com.png,2021-10-04,29.5142,0.0039,0.0,504378,0.052,121350,0.0625,6509,0.0362,0.0463,0.0436,0.6575,9.5866,0.7199,19.7262,5.1549
redfin.com.png,2021-10-03,29.2704,0.0058,0.0,1178148,0.0743,120538,0.1204,18899,0.0535,0.0432,0.0615,0.7422,9.3105,0.5618,19.6411,4.1547
rednet.cn.png,2021-10-04,29.8743,0.0101,0.0,870800,0.0695,174698,0.0805,12024,0.0471,0.0705,0.0584,0.5794,9.9292,0.8246,19.6765,7.4518
researchgate.net.png,2021-10-03,29.0063,0.0033,0.0,369072,0.0421,52572,0.056,7160,0.0347,0.0155,0.0392,0.7301,9.1583,0.5886,19.6698,2.6236
reuters.com.png,2021-10-04,29.3056,0.0083,0.0,305023,0.0437,106947,0.0491,1028,0.0306,0.0375,0.0366,0.4848,9.5126,0.7772,19.6216,4.749
reverso.net.png,2021-10-04,29.1008,0.0081,0.0,460142,0.0465,84861,0.0536,6906,0.037,0.0272,0.0414,0.6208,9.3201,0.6246,19.5908,4.0585
rezka.ag.png,2021-10-03,31.1664,0.0024,0.0,497938,0.0451,88930,0.0707,5108,0.0363,0.0329,0.0434,0.6708,10.1608,0.6749,20.8046,3.8792
robinhood.com.png,2021-10-03,29.3428,0.0027,0.0,287013,0.0357,87656,0.0401,1486,0.0295,0.032,0.0374,0.5538,9.4217,0.6379,19.7718,4.4204
roblox.com.png,2021-10-04,29.2997,0.0116,0.0,1325510,0.0778,116259,0.1465,17793,0.0536,0.0464,0.0647,0.7242,9.2171,0.5031,19.7254,2.8305
rt.com.png,2021-10-04,30.1614,0.0109,0.0,752261,0.0581,168593,0.0941,5023,0.0402,0.0723,0.0516,0.5785,10.2025,0.7106,19.701,7.0643
runoob.com.png,2021-10-03,29.2379,0.0032,0.0,191093,0.0429,85357,0.0449,883,0.033,0.0282,0.0373,0.3816,9.3093,0.7077,19.7641,4.0103
sahibinden.com.png,2021-10-04,28.9964,0.0074,0.0,95621,0.0355,54977,0.0351,790,0.026,0.013,0.0272,0.5464,9.1179,0.7022,19.7438,2.7173
salesforce.com.png,2021-10-04,29.2644,0.0093,0.0,430548,0.0501,107551,0.0841,2743,0.0352,0.0418,0.0408,0.5621,9.3789,0.6248,19.6629,4.859
samsung.com.png,2021-10-03,29.356,0.0038,0.0,1075195,0.0691,81814,0.079,17377,0.0529,0.0344,0.057,0.6394,9.2942,0.4945,19.7971,3.9902
savefrom.net.png,2021-10-03,29.4356,0.0014,0.0,103908,0.0307,58516,0.0228,686,0.0294,0.018,0.0301,0.3695,9.392,0.7415,19.9252,2.9562
sberbank.ru.png,2021-10-04,29.1411,0.007,0.0,548390,0.0514,85061,0.051,2245,0.0343,0.0292,0.0409,0.6597,9.2254,0.6017,19.728,4.1543
schwab.com.png,2021-10-04,29.5245,0.0124,0.0,1141710,0.0697,130276,0.0842,17773,0.0483,0.0485,0.0598,0.7563,9.408,0.6336,19.8388,4.4165
sciencedirect.com.png,2021-10-03,29.3333,0.0036,0.0,738958,0.0518,109461,0.1082,10323,0.0401,0.0405,0.0479,0.6815,9.3525,0.6254,19.7261,4.8492
scribd.com.png,2021-10-04,29.4688,0.01,0.0,922775,0.0624,110387,0.0928,10697,0.0466,0.0391,0.0502,0.7457,9.4695,0.6632,19.7342,3.8834
setn.com.png,2021-10-04,29.5059,0.009,0.0,669818,0.0583,127092,0.098,5419,0.0367,0.0492,0.0459,0.5125,9.6309,0.7631,19.6239,5.746
shaparak.ir.png,2021-10-04,29.3145,0.0109,0.0,678885,0.0549,98653,0.0864,5699,0.0389,0.0444,0.0464,0.684,9.3907,0.7052,19.6833,4.987
shein.com.png,2021-10-04,29.6132,0.0108,0.0,1053577,0.0658,124887,0.1418,12466,0.044,0.0543,0.0541,0.69,9.4849,0.606,19.809,4.8961
shopee.com.my.png,2021-10-04,29.6827,0.0079,0.0,831330,0.0616,134822,0.0779,8318,0.0482,0.0506,0.0576,0.5741,9.6473,0.6739,19.7792,6.5723
shutterstock.com.png,2021-10-04,29.5873,0.0104,0.0,853838,0.058,97546,0.1102,20070,0.046,0.0355,0.0507,0.7761,9.2985,0.5675,20.0103,3.563
sina.com.cn.png,2021-10-03,29.7784,0.0034,0.0,552278,0.0488,158505,0.0551,4563,0.0385,0.0558,0.0461,0.588,9.8183,0.8403,19.7652,6.1358
sindonews.com.png,2021-10-04,29.6611,0.012,0.0,1208164,0.0715,177605,0.0966,13290,0.0521,0.0743,0.0595,0.6836,9.7547,0.7061,19.6115,7.032
skype.com.png,2021-10-04,29.2444,0.0089,0.0,579804,0.0518,90177,0.0735,6914,0.0368,0.0389,0.0457,0.6701,9.3479,0.5437,19.6769,4.0102
slack.com.png,2021-10-03,29.4169,0.0032,0.0,321830,0.0412,95466,0.0509,1811,0.031,0.0333,0.0369,0.6267,9.3683,0.6821,19.8815,4.5677
slideshare.net.png,2021-10-04,29.2068,0.0092,0.0,513955,0.0504,80671,0.09,4119,0.0384,0.0242,0.0438,0.7138,9.2855,0.5838,19.6864,3.6878
smallpdf.com.png,2021-10-04,29.0345,0.0072,0.0,82066,0.0363,54672,0.034,472,0.0266,0.0139,0.031,0.8105,9.1925,0.6307,19.7037,3.0236
softonic.com.png,2021-10-04,29.1511,0.0098,0.0,677779,0.0559,86241,0.0713,8471,0.0397,0.0304,0.05,0.7303,9.3264,0.5705,19.5949,4.243
sogou.com.png,2021-10-04,29.5255,0.0078,0.0,86409,0.0306,42321,0.0251,281,0.0306,0.0113,0.0288,0.633,9.6371,0.7431,19.7623,2.3036
sohu.com.png,2021-10-04,30.0154,0.0102,0.0,700875,0.0583,158688,0.1122,4138,0.0421,0.0603,0.047,0.4956,9.9314,0.7889,19.8111,6.5498
sonhoo.com.png,2021-10-04,30.1213,0.0162,0.0,1115105,0.0712,175356,0.0838,9294,0.0462,0.0679,0.0572,0.6,10.1833,0.7753,19.6605,7.1288
soso.com.png,2021-10-04,28.9774,0.0071,0.0,39329,0.025,22339,0.0226,182,0.0248,0.0023,0.0241,0.82,9.1082,0.4469,19.7625,1.5466
soundcloud.com.png,2021-10-04,29.5476,0.0117,0.0,1185997,0.0725,141090,0.1125,7436,0.0527,0.0513,0.0575,0.6887,9.5771,0.6222,19.6598,4.9501
sourceforge.net.png,2021-10-03,29.5142,0.0028,0.0,284249,0.0507,120542,0.0394,580,0.0347,0.0481,0.0399,0.5455,9.6028,0.691,19.7398,5.9134
spankbang.com.png,2021-10-03,29.6453,0.0042,0.0,1102868,0.0677,142026,0.1881,11646,0.0462,0.0609,0.0571,0.6815,9.6076,0.5624,19.6716,4.17
speedtest.net.png,2021-10-04,29.5571,0.0113,0.0,651304,0.0545,106977,0.0566,4196,0.0385,0.0437,0.0438,0.6353,9.5915,0.7265,19.7579,5.0133
spotify.com.png,2021-10-03,29.0353,0.0014,0.0,88224,0.0368,51400,0.0282,265,0.0251,0.0152,0.0292,0.3704,9.0878,0.2764,19.821,2.4765
springer.com.png,2021-10-04,29.268,0.0098,0.0,508637,0.0518,93919,0.0531,1488,0.0341,0.0312,0.0408,0.5584,9.3967,0.7685,19.6787,4.2711
squarespace.com.png,2021-10-04,29.3703,0.0121,0.0,1452497,0.0724,131358,0.1878,13962,0.0544,0.0447,0.0636,0.7349,9.3237,0.4342,19.6532,4.3616
stackexchange.com.png,2021-10-04,29.2965,0.0079,0.0,238107,0.046,98688,0.0385,923,0.0303,0.0306,0.0348,0.4823,9.4414,0.7789,19.6945,4.3138
stackoverflow.com.png,2021-10-03,29.4335,0.0036,0.0,169600,0.0373,67888,0.0342,1375,0.0277,0.0246,0.0332,0.6468,9.3129,0.5715,19.9816,4.1432
steamcommunity.com.png,2021-10-03,29.3518,0.0025,0.0,563977,0.0525,79278,0.0795,8204,0.0357,0.0197,0.0404,0.7965,9.2417,0.6457,19.8965,2.2194
suara.com.png,2021-10-04,29.9735,0.0117,0.0,1362066,0.0728,184907,0.1577,14736,0.0521,0.0756,0.0594,0.6848,9.8862,0.7305,19.7305,7.8244
surveymonkey.com.png,2021-10-04,28.9021,0.0075,0.0,70583,0.0285,37559,0.0253,368,0.027,0.0098,0.0266,0.4962,8.9942,0.6785,19.79,2.4051
taboola.com.png,2021-10-04,29.3651,0.0107,0.0,595177,0.0561,86991,0.0653,15858,0.0382,0.0285,0.0429,0.7029,9.2531,0.6532,19.8937,3.7913
taobao.com.png,2021-10-03,29.5864,0.0034,0.0,855621,0.0557,130949,0.1417,8981,0.0417,0.0528,0.051,0.5964,9.4859,0.6542,19.8041,5.677
target.com.png,2021-10-03,29.8891,0.0051,0.0,1206787,0.0692,137728,0.1427,12521,0.0537,0.0606,0.0629,0.6633,9.6744,0.5378,19.878,5.9337
td.com.png,2021-10-03,29.4957,0.0045,0.0,436311,0.0484,82980,0.0599,8315,0.0355,0.0295,0.0447,0.6559,9.454,0.6398,19.8434,4.0121
tejaratnews.com.png,2021-10-04,30.1973,0.0086,0.0,815682,0.0603,122010,0.0823,8339,0.0426,0.0492,0.0607,0.6411,9.7698,0.618,20.1697,5.6831
telegram.org.png,2021-10-03,29.137,0.0023,0.0,296770,0.0389,60759,0.0512,2559,0.0319,0.0218,0.036,0.4905,9.2267,0.6753,19.7469,3.3864
telewebion.com.png,2021-10-04,29.6746,0.0123,0.0,1133555,0.0672,129076,0.1526,10543,0.051,0.0544,0.0603,0.7075,9.548,0.4608,19.78,4.2161
theguardian.com.png,2021-10-04,29.521,0.0089,0.0,559066,0.0531,150137,0.0687,5075,0.038,0.0565,0.0466,0.6434,9.5996,0.7385,19.703,5.9717
themeforest.net.png,2021-10-04,29.4254,0.0027,0.0,388612,0.0428,82963,0.0599,2815,0.0325,0.0312,0.0393,0.6387,9.4133,0.6631,19.832,4.1492
thepiratebay.org.png,2021-10-04,29.2739,0.0088,0.0,169519,0.0384,51229,0.0399,1306,0.0261,0.0154,0.0304,0.5839,9.3849,0.7771,19.7393,2.6677
thesaurus.com.png,2021-10-03,30.4348,0.0041,0.0,322281,0.0492,92083,0.047,2753,0.0326,0.0309,0.039,0.53,10.3089,0.6421,19.9509,4.3601
thestartmagazine.com.png,2021-10-04,29.2476,0.011,0.0,204578,0.036,58806,0.0405,722,0.0309,0.0233,0.0345,0.5625,9.2759,0.5209,19.8157,3.5623
tianya.cn.png,2021-10-03,29.3537,0.0024,0.0,412531,0.0461,76363,0.0516,4330,0.0352,0.0284,0.0423,0.5277,9.4247,0.7887,19.7484,3.5132
tiktok.com.png,2021-10-04,29.0605,0.0081,0.0,343059,0.0452,73005,0.0558,5241,0.0322,0.022,0.0388,0.6709,9.2113,0.674,19.666,3.5
tistory.com.png,2021-10-03,28.8588,0.0016,0.0,80885,0.0302,39192,0.0257,465,0.0308,0.0125,0.0294,0.7886,9.1434,0.53,19.5946,2.8521
tmall.com.png,2021-10-03,29.3248,0.0052,0.0,712084,0.0523,107915,0.0827,7448,0.0409,0.037,0.0476,0.6878,9.3194,0.6152,19.7739,4.7286
tokopedia.com.png,2021-10-03,29.6375,0.0038,0.0,545555,0.0541,110997,0.0677,5131,0.0373,0.0413,0.0451,0.563,9.4869,0.6076,19.9395,5.1792
tradingview.com.png,2021-10-03,28.9594,0.0017,0.0,145733,0.0393,65827,0.0362,935,0.0257,0.0204,0.0328,0.5884,9.2232,0.676,19.5973,3.558
trello.com.png,2021-10-04,28.9779,0.0092,0.0,321498,0.0465,61977,0.0455,3037,0.0305,0.0207,0.0363,0.6608,9.1311,0.6056,19.6755,3.4789
trendyol.com.png,2021-10-03,29.5366,0.0029,0.0,688566,0.0579,112074,0.0643,5699,0.0401,0.0428,0.0477,0.654,9.6332,0.6591,19.6875,5.436
tribunnews.com.png,2021-10-04,29.4638,0.0108,0.0,846739,0.0604,119273,0.0737,4301,0.0418,0.0456,0.0475,0.6357,9.6233,0.6404,19.6033,5.6205
tripadvisor.com.png,2021-10-03,29.0957,0.0015,0.0,167991,0.0383,67214,0.0399,944,0.0283,0.0239,0.035,0.4765,9.2739,0.5222,19.6757,4.0856
trustpilot.com.png,2021-10-04,29.1109,0.0087,0.0,428126,0.0518,67357,0.0641,5979,0.0345,0.0244,0.0411,0.6456,9.1238,0.546,19.7838,3.235
tudou.com.png,2021-10-03,31.5406,0.0096,0.0,988040,0.0629,148068,0.1237,8217,0.0481,0.063,0.0574,0.6206,9.6538,0.6937,21.582,5.9381
tumblr.com.png,2021-10-04,29.1901,0.0108,0.0,950597,0.0587,77502,0.0832,9710,0.0409,0.0252,0.0464,0.7396,9.2687,0.4213,19.6783,2.7279
turkiye.gov.tr.png,2021-10-03,29.2544,0.0029,0.0,733586,0.0585,96044,0.0674,8070,0.0442,0.0326,0.0474,0.5984,9.3474,0.6305,19.6834,4.5355
tutorialspoint.com.png,2021-10-04,29.4465,0.01,0.0,781634,0.0601,109363,0.0779,9563,0.0445,0.0413,0.0504,0.8215,9.4702,0.6435,19.7305,4.4242
tv9marathi.com.png,2021-10-03,29.9041,0.0044,0.0,754389,0.0569,163741,0.0851,8278,0.0426,0.062,0.0505,0.5903,9.8456,0.7512,19.8152,7.1664
tv9telugu.com.png,2021-10-04,29.9579,0.0095,0.0,621593,0.0578,185622,0.062,3608,0.0372,0.0747,0.0458,0.5182,9.9663,0.8148,19.7764,7.9891
twitch.tv.png,2021-10-03,29.6735,0.0044,0.0,856136,0.0583,135078,0.1039,9676,0.0466,0.0496,0.0532,0.6762,9.656,0.7304,19.7482,5.2382
twitter.com.png,2021-10-03,30.3452,0.005,0.0,1151965,0.0675,154023,0.1088,12197,0.0471,0.0595,0.0536,0.6127,10.2552,0.8298,19.8052,5.7839
udemy.com.png,2021-10-04,29.0918,0.0062,0.0,283748,0.045,77331,0.0467,2789,0.0296,0.0293,0.0348,0.5352,9.3259,0.6081,19.6005,4.1294
unsplash.com.png,2021-10-03,29.0927,0.0034,0.0,650321,0.0524,69857,0.0528,8474,0.0384,0.0193,0.0434,0.5806,9.1942,0.5502,19.705,3.4644
uol.com.br.png,2021-10-04,29.4475,0.0089,0.0,724922,0.0601,121615,0.0776,6962,0.0419,0.051,0.049,0.6424,9.4428,0.6284,19.7638,5.5264
ups.com.png,2021-10-03,29.3494,0.0036,0.0,970962,0.0549,90620,0.0732,16361,0.0477,0.0268,0.053,0.7861,9.2408,0.6047,19.8733,3.5513
uptodown.com.png,2021-10-03,29.782,0.0028,0.0,384829,0.0443,80017,0.0614,4357,0.0346,0.0294,0.0404,0.5726,9.4229,0.609,20.1724,4.3813
upwork.com.png,2021-10-04,29.2519,0.0089,0.0,469895,0.0545,83947,0.0688,6679,0.0368,0.0307,0.0443,0.6663,9.2767,0.5892,19.7587,4.1642
usatoday.com.png,2021-10-04,29.8978,0.0107,0.0,645994,0.0552,110650,0.0591,4666,0.0391,0.0413,0.045,0.6268,9.8691,0.696,19.8165,5.0909
usps.com.png,2021-10-03,30.3145,0.0037,0.0,676847,0.0545,99249,0.0873,13199,0.039,0.0332,0.0456,0.75,10.0323,0.6003,20.0489,4.1318
varzesh3.com.png,2021-10-04,29.4143,0.0103,0.0,660931,0.0531,120360,0.0703,5117,0.0399,0.046,0.0467,0.6028,9.5533,0.5916,19.6377,5.3528
verizon.com.png,2021-10-03,29.2984,0.0015,0.0,98051,0.0297,55756,0.0241,260,0.0307,0.0168,0.03,0.5544,9.3175,0.6421,19.8619,3.2626
vimeo.com.png,2021-10-04,29.2307,0.0095,0.0,208690,0.0367,61863,0.0366,1190,0.0271,0.0196,0.033,0.6557,9.221,0.6332,19.8639,3.7691
vk.com.png,2021-10-03,29.1675,0.0024,0.0,245577,0.0415,69285,0.0395,1214,0.0341,0.021,0.0361,0.6342,9.3401,0.7023,19.671,3.3608
w3school.com.cn.png,2021-10-03,29.373,0.0021,0.0,187570,0.0401,92443,0.0292,559,0.0308,0.0285,0.0344,0.7199,9.5247,0.7236,19.7087,4.2809
w3schools.com.png,2021-10-04,29.1231,0.0095,0.0,142555,0.0375,88328,0.03,594,0.0304,0.0329,0.0326,0.5604,9.296,0.7163,19.684,4.5284
walgreens.com.png,2021-10-03,29.3394,0.0033,0.0,571676,0.0554,87704,0.1105,7515,0.0398,0.0354,0.0421,0.6892,9.1973,0.6075,19.8876,4.2768
walmart.com.png,2021-10-04,29.2353,0.0095,0.0,776094,0.0616,99502,0.0893,10048,0.0407,0.0367,0.0466,0.6473,9.4442,0.5548,19.5405,4.0294
washingtonpost.com.png,2021-10-04,29.3093,0.0084,0.0,422906,0.0458,91589,0.0624,2479,0.0304,0.0352,0.0409,0.5674,9.2334,0.7141,19.8849,3.9176
wayfair.com.png,2021-10-03,29.7052,0.0033,0.0,822772,0.0634,137417,0.0858,15399,0.0437,0.0601,0.0516,0.6131,9.7473,0.6928,19.7071,5.79
weather.com.png,2021-10-03,29.1621,0.0027,0.0,688891,0.0572,104301,0.0799,6741,0.0404,0.0424,0.047,0.6678,9.2724,0.5427,19.6594,4.8289
web.de.png,2021-10-04,29.5865,0.0082,0.0,530247,0.0544,115462,0.0661,3628,0.0355,0.0388,0.0432,0.644,9.4623,0.6533,19.9137,5.056
webex.com.png,2021-10-03,28.9169,0.0021,0.0,118471,0.029,50197,0.0312,1045,0.0236,0.0157,0.0279,0.5606,9.1476,0.6237,19.6508,2.3876
webmd.com.png,2021-10-04,29.641,0.0105,0.0,706910,0.0605,113377,0.0823,10825,0.0415,0.0422,0.0495,0.6932,9.4226,0.6264,19.9709,5.3574
weebly.com.png,2021-10-03,29.165,0.0023,0.0,397505,0.0405,74093,0.0454,3739,0.0308,0.0247,0.0376,0.6546,9.3041,0.6104,19.7011,3.8235
weibo.com.png,2021-10-04,29.7329,0.0042,0.0,758753,0.0614,125299,0.1086,5137,0.0442,0.0458,0.0509,0.678,9.5818,0.6735,19.8788,5.1773
wellsfargo.com.png,2021-10-03,29.7057,0.0036,0.0,620345,0.0512,100514,0.0724,5944,0.0395,0.0344,0.0457,0.6921,9.3489,0.6151,20.1415,4.47
wetransfer.com.png,2021-10-04,30.7303,0.0082,0.0,236159,0.0365,49088,0.0394,4259,0.0304,0.014,0.0349,0.444,9.973,0.6581,20.6032,2.8532
whatsapp.com.png,2021-10-04,29.0395,0.0051,0.0,204936,0.0392,65137,0.0417,1977,0.0277,0.0257,0.0338,0.5411,9.2435,0.6597,19.6453,3.3526
wikihow.com.png,2021-10-04,29.1826,0.0034,0.0,475421,0.0487,100247,0.0675,5713,0.0371,0.0428,0.0475,0.6557,9.4125,0.6332,19.5631,5.1107
wikimedia.org.png,2021-10-04,29.0538,0.0099,0.0,247425,0.0397,83572,0.0429,1859,0.0289,0.0323,0.0346,0.5059,9.3247,0.7655,19.57,4.2878
wikipedia.org.png,2021-10-03,30.7053,0.0036,0.0,510118,0.0556,187411,0.0483,2477,0.0352,0.058,0.0423,0.6308,10.088,0.8123,20.4294,7.1655
wildberries.ru.png,2021-10-03,29.4954,0.0053,0.0,1185235,0.0665,127047,0.0956,9358,0.0517,0.0476,0.0611,0.7203,9.6242,0.6163,19.5872,5.2844
wix.com.png,2021-10-04,29.0752,0.0084,0.0,319661,0.0414,84273,0.0447,2288,0.0309,0.028,0.0375,0.5844,9.2279,0.5945,19.6814,4.5816
wordpress.com.png,2021-10-04,29.3202,0.0084,0.0,273159,0.0449,85492,0.077,2045,0.0291,0.0343,0.0358,0.5758,9.4587,0.6621,19.6633,4.5164
wordpress.org.png,2021-10-03,29.2227,0.0024,0.0,130952,0.0312,64669,0.0301,996,0.0264,0.0249,0.0283,0.5287,9.2707,0.6091,19.8307,3.4134
worldometers.info.png,2021-10-04,29.2618,0.0089,0.0,526923,0.0502,103324,0.0523,1922,0.0377,0.0374,0.0441,0.6359,9.5459,0.6807,19.5197,4.5334
wsj.com.png,2021-10-04,29.8952,0.0099,0.0,453442,0.0496,142473,0.0547,2313,0.0339,0.0529,0.0409,0.6175,9.8753,0.7708,19.8276,6.3718
xfinity.com.png,2021-10-04,29.5081,0.0118,0.0,856003,0.0614,101062,0.0708,10241,0.0401,0.0361,0.0491,0.7047,9.4217,0.6556,19.8495,3.5532
xhamster.com.png,2021-10-04,29.4672,0.0094,0.0,749889,0.0599,136865,0.0917,7837,0.0415,0.0564,0.0492,0.6729,9.5961,0.6693,19.6156,5.7914
xinhuanet.com.png,2021-10-04,30.7345,0.009,0.0,925344,0.0679,153134,0.1127,10807,0.0479,0.0592,0.0568,0.6456,10.596,0.705,19.8393,6.5746
xnxx.com.png,2021-10-03,29.572,0.0042,0.0,1050497,0.0664,147477,0.1547,16195,0.0468,0.0538,0.0565,0.6988,9.5418,0.6439,19.6985,4.8419
xvideos.com.png,2021-10-04,30.1335,0.0132,0.0,1195920,0.0753,169899,0.1342,21148,0.0481,0.0759,0.064,0.642,9.845,0.711,19.9505,6.5261
y2mate.com.png,2021-10-03,29.1888,0.0017,0.0,141648,0.0365,72695,0.03,539,0.0249,0.0258,0.0305,0.6796,9.3669,0.6954,19.6951,3.4294
yahoo.co.jp.png,2021-10-04,29.7566,0.004,0.0,479335,0.0542,134870,0.0594,2975,0.0365,0.0539,0.0432,0.6025,9.7239,0.7723,19.8324,5.9522
yahoo.com.png,2021-10-03,29.5411,0.0032,0.0,800576,0.0573,126059,0.0935,7052,0.0417,0.0483,0.0521,0.6388,9.5192,0.6724,19.771,5.6845
yandex.ru.png,2021-10-04,29.2869,0.008,0.0,461700,0.0472,122547,0.0564,3354,0.0357,0.0438,0.0412,0.6244,9.4666,0.7356,19.6289,5.0706
yelp.com.png,2021-10-04,29.2282,0.0105,0.0,1160822,0.0678,95262,0.0921,18746,0.0483,0.0339,0.0583,0.7668,9.312,0.5041,19.636,3.5672
youm7.com.png,2021-10-04,29.5627,0.0083,0.0,666896,0.0603,151652,0.0677,4826,0.0412,0.0564,0.0493,0.5562,9.6371,0.6478,19.6958,6.766
youtube.com.png,2021-10-03,29.7653,0.004,0.0,871242,0.0606,146847,0.1461,5997,0.0407,0.0579,0.0532,0.6737,9.6719,0.7008,19.785,6.0355
yts.mx.png,2021-10-03,29.5962,0.0047,0.0,888666,0.0627,106546,0.0811,5805,0.0437,0.0452,0.0496,0.6718,9.5728,0.5879,19.7787,4.6393
yy.com.png,2021-10-03,32.1669,0.0062,0.0,1507527,0.0784,171839,0.2202,15637,0.0627,0.0796,0.074,0.6358,10.5851,0.6638,21.1368,7.3156
zendesk.com.png,2021-10-04,29.1528,0.0121,0.0,121464,0.0377,60156,0.0505,1139,0.0269,0.0213,0.0287,0.3882,9.2062,0.6275,19.7872,2.9591
zerodha.com.png,2021-10-04,28.9294,0.0086,0.0,79561,0.0279,37368,0.0276,499,0.0258,0.0106,0.0297,0.4357,9.0902,0.6033,19.7167,2.3455
zhanqi.tv.png,2021-10-03,29.7308,0.005,0.0,1502461,0.0794,157727,0.1948,22774,0.0626,0.0602,0.0705,0.6782,9.649,0.7346,19.6665,4.7685
zhihu.com.png,2021-10-03,29.6929,0.0055,0.0,1054351,0.0654,142935,0.088,7607,0.052,0.068,0.0609,0.5627,9.5682,0.6156,19.8496,6.1952
zillow.com.png,2021-10-03,29.6493,0.0051,0.0,1307423,0.0635,161462,0.1078,22456,0.0516,0.0541,0.0573,0.7484,9.6693,0.714,19.6916,4.7761
zoho.com.png,2021-10-04,29.0565,0.0091,0.0,247677,0.0373,71874,0.0336,906,0.0274,0.0238,0.0322,0.4878,9.2229,0.7429,19.6908,3.7945
zol.com.cn.png,2021-10-04,30.1529,0.0096,0.0,503451,0.0553,138524,0.0545,4600,0.0367,0.0471,0.0415,0.5312,9.7277,0.7966,20.2246,5.6153
zoom.us.png,2021-10-04,29.0841,0.0085,0.0,347444,0.0458,61695,0.0723,2959,0.0345,0.0227,0.0374,0.5244,9.1433,0.6489,19.7382,3.6526
